Dataset,Model,MAE (min.),MAPE (%),RMSE (min.),Mean CV R2,Std CV R2,CV Scores
Original Data,Random Forest,15.66,112.58,28.62,0.02008085222202103,0.001945429366811002,"[0.018669138294677756, 0.02035462269335453, 0.022779434075753335, 0.017256584577490464, 0.021344481468829057]"
With Weather; Daily,Random Forest,27.44,41.46,54.53,0.8007827705568851,0.01187913206088974,"[0.800995111233485, 0.8218699888361529, 0.7851343862559408, 0.7978759103569468, 0.7980384561018998]"
With Weather & Passengers; Monthly,Random Forest,629.94,20.74,872.71,0.9240296214293855,0.00968842639081404,"[0.9122801962108418, 0.9318866731714145, 0.9120487567025473, 0.9320776170883971, 0.931854863973727]"
BRU-MAD With Weather; Daily,Random Forest,87.72,19.29,127.23,0.6259568034797599,0.17687484909112416,"[0.701415317886398, 0.7613923657589396, 0.6072586165486968, 0.7681523017191472, 0.291565415485618]"
