Dataset,Model,MAE (min.),MAPE (%),RMSE (min.),Mean CV R2,Std CV R2,CV Scores
Original Data,Decision Tree,16.22,124.45,29.6,0.02008085222202103,0.001945429366811002,"[0.018669138294677756, 0.02035462269335453, 0.022779434075753335, 0.017256584577490464, 0.021344481468829057]"
With Weather; Daily,Decision Tree,33.91,55.05,64.13,0.8007909650690387,0.011914871686701165,"[0.800971500584391, 0.8219561286441596, 0.7851152429832423, 0.797852265933376, 0.7980596872000241]"
With Weather & Passengers; Monthly,Decision Tree,969.71,38.61,1368.76,0.9240294517825612,0.009687932221943706,"[0.9122817421459987, 0.9318874302328943, 0.9120481126067765, 0.932078391087803, 0.9318515828393342]"
BRU-MAD With Weather; Daily,Decision Tree,101.87,21.9,192.59,0.6259566235579612,0.17688229010851697,"[0.7014192567856864, 0.7614179968544392, 0.607197262752474, 0.7681774594598831, 0.29157114193732325]"
